{
  "root": true,
  "project": {
    "name": "Portfolio with Gatsby"
  },
  "api": {
    "projectId": "r87vnyrr",
    "dataset": "production"
  },
  "plugins": [
    "@sanity/base",
    "@sanity/components",
    "@sanity/default-layout",
    "@sanity/default-login",
    "@sanity/dashboard",
    "@sanity/desk-tool",
    "dashboard-widget-structure-menu",
    "dashboard-widget-document-list",
    "dashboard-widget-netlify",
    "@sanity/studio-hints"
  ],
  "parts": [
    {
      "name": "part:@sanity/base/schema",
      "path": "./schemas/schema.js"
    },
    {
      "name": "part:@sanity/desk-tool/structure",
      "path": "./deskStructure.js"
    },
    {
      "implements": "part:@sanity/dashboard/config",
      "path": "./dashboardConfig.js"
    },
    {
      "implements": "part:@sanity/default-layout/studio-hints-config",
      "path": "./studioHintsConfig.js"
    }
  ]
}